{
  "timestamp": "2026-01-01T12:29:44.472372",
  "total_transactions": 5000,
  "failed_transactions": 947,
  "success_rate": 0.8106,
  "failure_rate": 0.1894,
  "avg_transaction_amount": 61.029157446199505,
  "median_transaction_amount": 20.845037111587114,
  "failure_by_type": {
    "credit": 0.20207253886010362,
    "debit": 0.17663588920112405
  },
  "failure_by_location": {
    "high_risk_location_1": 0.24367088607594936,
    "high_risk_location_2": 0.23759541984732824,
    "international": 0.16157635467980297,
    "local": 0.15225933202357564,
    "national": 0.15242018537590113
  },
  "failure_by_merchant": {
    "gas": 0.19254658385093168,
    "grocery": 0.18922155688622755,
    "online": 0.1876484560570071,
    "other": 0.17889908256880735,
    "restaurant": 0.19070904645476772,
    "retail": 0.19806763285024154
  },
  "failure_by_time_of_day": {
    "0": 0.18981481481481483,
    "1": 0.1553398058252427,
    "2": 0.20388349514563106,
    "3": 0.21524663677130046,
    "4": 0.20320855614973263,
    "5": 0.20642201834862386,
    "6": 0.17073170731707318,
    "7": 0.13705583756345177,
    "8": 0.16585365853658537,
    "9": 0.18421052631578946,
    "10": 0.18041237113402062,
    "11": 0.15121951219512195,
    "12": 0.2096069868995633,
    "13": 0.1761904761904762,
    "14": 0.2233502538071066,
    "15": 0.20408163265306123,
    "16": 0.17894736842105263,
    "17": 0.21568627450980393,
    "18": 0.20952380952380953,
    "19": 0.22033898305084745,
    "20": 0.1813953488372093,
    "21": 0.1643835616438356,
    "22": 0.1783783783783784,
    "23": 0.2100456621004566
  },
  "failure_by_day_of_week": {
    "0": 0.19622093023255813,
    "1": 0.18482758620689654,
    "2": 0.2032301480484522,
    "3": 0.17462482946793997,
    "4": 0.19068413391557495,
    "5": 0.1762295081967213,
    "6": 0.20086705202312138
  },
  "summary": "\n            Transaction Analysis Report\n            =========================\n            Total Transactions: 5000\n            Failed Transactions: 947\n            Success Rate: 81.06%\n            Average Transaction Amount: $61.03\n            Median Transaction Amount: $20.85\n            "
}